arch,sr,sr_search,sr_eval,sr_libero_10,sr_libero_goal,sr_libero_object,sr_libero_spatial,cl_1ep,cl_2ep,fm_loss,act_l1,act_l1_exec,kd_offline,grip_err,kd_onpolicy,self_cons,call_ms,ms_per_step,expert_params_M,n_vlm,n_exp,bridge,ffn,vtok,steps,horizon
v12-e16-stretch-f0.75-t16-s10-h10,0.5875,0.655,0.52,0.31,0.69,0.8,0.55,0.625,0.6875,0.46530049853026806,0.44874593056738304,0.42944286204874504,0.204665234312415,0.31645834259688804,0.20609537381678802,0.3459227476269,370.11219933629036,37.011219933629036,80.52736,12,16,stretch,0.75,16,10,10
v12-e16-stretch-f0.75-t64-s10-h5,0.55,0.575,0.525,0.28,0.63,0.81,0.48,0.55,0.5625,0.48439542204141606,0.44107197597622805,0.42627507634460904,0.21671044267714,0.44711112082004506,0.20550098810344902,0.31930065266788005,369.87870559096336,73.97574111819267,80.52736,12,16,stretch,0.75,64,10,5
v12-e16-stretch-f1-t16-s4-h50,0.63,0.64,0.62,0.35,0.76,0.75,0.66,0.55,0.625,0.47533225454390005,0.43571359105408103,0.43571359105408103,0.20768536720424802,0.108876030892133,0.21231676265597302,0.297774025425314,176.1741116642952,3.523482233285904,98.22208,12,16,stretch,1.0,16,4,50
v12-e16-stretch-f1-t64-s2-h25,0.675,0.67,0.68,0.37,0.72,0.92,0.69,0.65,0.675,0.49645618908107203,0.42264519445598103,0.40100016444921405,0.23171385191380903,0.175263744778931,0.23104640692472403,0.18968041427433402,112.54934221506119,4.5019736886024475,98.22208,12,16,stretch,1.0,64,2,25
v12-e4-stretch-f0.5-t16-s4-h50,0.385,0.375,0.395,0.22,0.54,0.42,0.36,0.375,0.4,0.467805009335279,0.44878125004470304,0.44878125004470304,0.25154290441423605,0.11457577720284401,0.253905463591218,0.322802368178963,85.64639836549759,1.712927967309951,15.70816,12,4,stretch,0.5,16,4,50
v12-e4-stretch-f0.5-t64-s10-h25,0.375,0.38,0.37,0.19,0.5,0.5,0.31,0.425,0.3875,0.46207836270332303,0.46699367277324205,0.445085633546113,0.249771930277347,0.20841773785650702,0.25014115013182103,0.359024748951196,139.78809863328934,5.5915239453315735,15.70816,12,4,stretch,0.5,64,10,25
v12-e4-stretch-f0.5-t64-s2-h10,0.5125,0.51,0.515,0.2,0.64,0.63,0.58,0.475,0.45,0.46207836270332303,0.429879738017916,0.41225231997668704,0.249463169835507,0.28541666967794305,0.24185007028281602,0.22791242748498902,67.78495758771896,6.778495758771896,15.70816,12,4,stretch,0.5,64,2,10
v12-e4-stretch-f0.5-t64-s2-h50,0.3925,0.425,0.36,0.25,0.58,0.44,0.3,0.425,0.4625,0.46207836270332303,0.429879738017916,0.429879738017916,0.25938145071268004,0.10696208616718601,0.261336933821439,0.22824883498251403,67.24606081843376,1.344921216368675,15.70816,12,4,stretch,0.5,64,2,50
v12-e4-stretch-f0.75-t16-s4-h5,0.385,0.38,0.39,0.14,0.45,0.56,0.39,0.425,0.3875,0.46623742394149303,0.44721034169197005,0.43731395713984905,0.241647945716977,0.43311112225055604,0.22909049801528403,0.329218050092458,86.6260901093483,17.32521802186966,20.13184,12,4,stretch,0.75,16,4,5
v12-e4-stretch-f0.75-t64-s10-h5,0.4025,0.43,0.375,0.15,0.42,0.57,0.47,0.35,0.4,0.460731739178299,0.46543073654174805,0.45885320007801006,0.247197723016142,0.42088889380296,0.24119233638048101,0.38457120954990304,141.02796837687492,28.205593675374985,20.13184,12,4,stretch,0.75,64,10,5
v12-e4-stretch-f1-t16-s4-h5,0.45,0.46,0.44,0.21,0.58,0.54,0.47,0.5,0.525,0.46589009463787,0.44647844694554806,0.43660762533545405,0.240595961920917,0.43977778851985905,0.22761233896017002,0.32822630256414403,85.30056849122047,17.060113698244095,24.55552,12,4,stretch,1.0,16,4,5
v12-e4-top-f0.5-t64-s2-h25,0.4925,0.52,0.465,0.26,0.64,0.6,0.47,0.5,0.575,0.46208465658128206,0.42955011315643704,0.410769352689385,0.24014092050492702,0.18209207663312502,0.245324088260531,0.22181243821978502,67.87926703691483,2.715170681476593,15.70816,12,4,top,0.5,64,2,25
v12-e8-stretch-f0.5-t16-s4-h50,0.455,0.485,0.425,0.27,0.6,0.48,0.47,0.375,0.4375,0.45980460569262505,0.44241691567003705,0.44241691567003705,0.23735652957111503,0.11455109389498801,0.24040428623557003,0.31134020946919905,117.5086610019207,2.350173220038414,31.41632,12,8,stretch,0.5,16,4,50
v12-e8-stretch-f0.75-t16-s4-h10,0.59,0.625,0.555,0.36,0.73,0.76,0.51,0.6,0.6625,0.45878036133944905,0.44179665297269805,0.420946046710014,0.21814181189984003,0.323125004768371,0.20692163631319901,0.299764964729547,116.36488884687424,11.636488884687424,40.26368,12,8,stretch,0.75,16,4,10
v12-e8-stretch-f1-t64-s10-h5,0.515,0.5,0.53,0.33,0.62,0.61,0.5,0.45,0.4625,0.45458263903856205,0.45302629657089705,0.44241373054683203,0.224550237879157,0.46488889853159504,0.215870025381445,0.366836412996053,216.61601960659027,43.323203921318054,49.11104,12,8,stretch,1.0,64,10,5
v12-e8-stretch-f1-t64-s4-h25,0.5575,0.595,0.52,0.31,0.63,0.73,0.56,0.65,0.6,0.45458263903856205,0.43545921146869604,0.41364041715860306,0.21974959596991503,0.186087514273822,0.21865215878933603,0.29025965854525504,116.30582064390182,4.652232825756073,49.11104,12,8,stretch,1.0,64,4,25
v12-e8-top-f0.5-t16-s4-h50,0.6225,0.64,0.605,0.47,0.69,0.78,0.55,0.6,0.6125,0.45170279964804605,0.42767094261944205,0.42767094261944205,0.21639055386185602,0.10602677706629,0.21522275991737802,0.302719901502132,116.52791127562523,2.330558225512504,31.41632,12,8,top,0.5,16,4,50
v12-e8-top-f0.75-t16-s2-h10,0.7275,0.765,0.69,0.5,0.75,0.89,0.77,0.825,0.8125,0.45137544348835906,0.408253701403737,0.383283484727144,0.208615192212164,0.254843755625188,0.198464804515242,0.21033970154821802,82.96851813793182,8.296851813793182,40.26368,12,8,top,0.75,16,2,10
v12-e8-top-f0.75-t64-s2-h5,0.7625,0.795,0.73,0.51,0.83,0.93,0.78,0.775,0.825,0.44876382872462206,0.40895725786685905,0.38736984133720404,0.21729676797986003,0.39400000621875103,0.207992254011332,0.21580189503729302,82.54392072558403,16.508784145116806,40.26368,12,8,top,0.75,64,2,5
v16-e12-stretch-f1-t16-s2-h5,0.7075,0.745,0.67,0.35,0.8,0.91,0.77,0.65,0.7375,0.46054483950138003,0.41604023985564703,0.39770118705928303,0.21090900432318402,0.43911112248897505,0.201625172048807,0.22409401088953002,106.60216584801674,21.320433169603348,73.66656,16,12,stretch,1.0,16,2,5
v16-e12-top-f0.5-t16-s2-h25,0.7475,0.79,0.705,0.47,0.87,0.94,0.71,0.7,0.7625,0.45249911025166506,0.408405078575015,0.38288052752614005,0.19948991946876002,0.16304526152089202,0.19960556831210802,0.20916413031518402,107.26088285446167,4.290435314178467,47.12448,16,12,top,0.5,16,2,25
v16-e12-top-f0.75-t16-s2-h25,0.75,0.77,0.73,0.53,0.83,0.95,0.69,0.825,0.8125,0.45436254702508405,0.40827408991754005,0.383486088365316,0.196925559081137,0.161381025332957,0.19697278551757302,0.20893444791436103,106.45892843604088,4.258357137441635,60.39552,16,12,top,0.75,16,2,25
v16-e12-top-f0.75-t64-s2-h10,0.7875,0.805,0.77,0.54,0.91,0.95,0.75,0.825,0.825,0.453020298853516,0.40963965281844106,0.38474972732365104,0.20613566786050702,0.25765625759959204,0.19676609411835602,0.20866406895220202,105.92188686132431,10.592188686132431,60.39552,16,12,top,0.75,64,2,10
v16-e12-top-f0.75-t64-s4-h5,0.7175,0.695,0.74,0.47,0.84,0.87,0.69,0.625,0.7375,0.453020298853516,0.426563642919063,0.40660688094794706,0.19099803268909402,0.393333337207635,0.179971720464527,0.29360024370253,156.14362061023712,31.228724122047424,60.39552,16,12,top,0.75,64,4,5
v16-e16-stretch-f0.5-t16-s10-h25,0.77,0.775,0.765,0.59,0.9,0.86,0.73,0.8,0.775,0.47171023674309204,0.440463213250041,0.40939141996204803,0.149483344983309,0.172706928569823,0.15641695205122202,0.30055043436586804,382.5529105961323,15.302116423845291,62.83264,16,16,stretch,0.5,16,10,25
v16-e16-stretch-f0.5-t64-s4-h25,0.78,0.79,0.77,0.54,0.86,0.93,0.79,0.8,0.7875,0.49175740778446203,0.42417355813086005,0.393862858414649,0.10069265775382501,0.166540989652276,0.102016060147434,0.237639676779508,185.25166437029839,7.410066574811935,62.83264,16,16,stretch,0.5,64,4,25
v16-e16-stretch-f0.75-t64-s10-h25,0.7675,0.755,0.78,0.53,0.87,0.9,0.77,0.825,0.775,0.508382681757211,0.43436614051461203,0.40266369469463803,0.063771495362743,0.17141312593594102,0.06482139201834701,0.26643566116690603,381.2757767736912,15.251031070947647,80.52736,16,16,stretch,0.75,64,10,25
v16-e16-stretch-f1-t64-s10-h10,0.8,0.8,0.8,0.59,0.91,0.98,0.72,0.8,0.8,0.538168549537658,0.43357783742249,0.395983088761568,0.0,0.259947925340384,0.0,0.25919427350163404,373.54254722595215,37.354254722595215,98.22208,16,16,stretch,1.0,64,10,10
v16-e16-stretch-f1-t64-s10-h25,0.77,0.765,0.775,0.5,0.89,0.92,0.77,0.8,0.775,0.538168549537658,0.43357783742249,0.401200775057077,0.0,0.171577070839703,0.0,0.25343754589557604,373.36811795830727,14.93472471833229,98.22208,16,16,stretch,1.0,64,10,25
v16-e16-stretch-f1-t64-s10-h5,0.7925,0.8,0.785,0.61,0.9,0.95,0.71,0.75,0.7875,0.538168549537658,0.43357783742249,0.398339934647083,0.0,0.38733334044615403,0.0,0.27525649555027404,373.6444562673569,74.72889125347137,98.22208,16,16,stretch,1.0,64,10,5
v16-e16-stretch-f1-t64-s10-h50,0.6925,0.7,0.685,0.39,0.77,0.85,0.76,0.675,0.7,0.538168549537658,0.43357783742249,0.43357783742249,0.0,0.107936283107846,0.0,0.26603070162236603,374.04898554086685,7.480979710817337,98.22208,16,16,stretch,1.0,64,10,50
v16-e16-stretch-f1-t64-s2-h10,0.845,0.845,0.845,0.63,0.93,0.99,0.83,0.85,0.8625,0.538168549537658,0.41758137755095903,0.377679757773876,0.09764709137380101,0.228229170897975,0.10098142791539401,0.166834423504769,120.46793848276138,12.046793848276138,98.22208,16,16,stretch,1.0,64,2,10
v16-e16-stretch-f1-t64-s2-h25,0.8075,0.8,0.815,0.58,0.95,0.94,0.76,0.8,0.85,0.538168549537658,0.41758137755095903,0.38774983957409803,0.09240201767534001,0.163980043027549,0.10004205368459201,0.16841588299721402,120.77779322862625,4.83111172914505,98.22208,16,16,stretch,1.0,64,2,25
v16-e16-stretch-f1-t64-s2-h5,0.8175,0.845,0.79,0.64,0.88,0.96,0.79,0.875,0.85,0.538168549537658,0.41758137755095903,0.376520276069641,0.107554794289171,0.36511111557483605,0.108764008618891,0.169123841635882,120.74826657772064,24.14965331554413,98.22208,16,16,stretch,1.0,64,2,5
v16-e16-stretch-f1-t64-s2-h50,0.745,0.79,0.7,0.53,0.84,0.86,0.75,0.75,0.775,0.538168549537658,0.41758137755095903,0.41758137755095903,0.10283267870545301,0.10262687830254401,0.10985074080526801,0.17734325304627402,120.47183141112328,2.409436628222465,98.22208,16,16,stretch,1.0,64,2,50
v16-e16-stretch-f1-t64-s4-h10,0.8175,0.86,0.775,0.56,0.91,0.96,0.84,0.825,0.8375,0.538168549537658,0.42529753223061506,0.385980479419231,0.039097364991903,0.251510423142462,0.040191830694675,0.219888282567262,183.85101854801178,18.385101854801178,98.22208,16,16,stretch,1.0,64,4,10
v16-e16-stretch-f1-t64-s4-h25,0.8175,0.82,0.815,0.64,0.94,0.91,0.78,0.8,0.8375,0.538168549537658,0.42529753223061506,0.39361907728016304,0.036199238616973,0.168671866878867,0.038969467766582,0.21799553819000703,183.6433745920658,7.3457349836826324,98.22208,16,16,stretch,1.0,64,4,25
v16-e16-stretch-f1-t64-s4-h5,0.8125,0.825,0.8,0.59,0.91,0.95,0.8,0.825,0.8375,0.538168549537658,0.42529753223061506,0.38615279272198605,0.043416645843535,0.38955556154251103,0.043599330354481006,0.23027849011123103,183.95904079079628,36.791808158159256,98.22208,16,16,stretch,1.0,64,4,5
v16-e16-stretch-f1-t64-s4-h50,0.6975,0.715,0.68,0.47,0.84,0.81,0.67,0.575,0.6875,0.538168549537658,0.42529753223061506,0.42529753223061506,0.039283195510506005,0.10628362931311101,0.041873830975964005,0.23068644218146803,183.78515541553497,3.675703108310699,98.22208,16,16,stretch,1.0,64,4,50
v16-e4-stretch-f0.75-t64-s10-h10,0.21,0.23,0.19,0.04,0.35,0.29,0.16,0.25,0.25,0.48073580302298,0.48065168969333105,0.47583945654332604,0.28503633663058203,0.36109375953674305,0.27499429993331403,0.39056896790862006,147.72095903754234,14.772095903754234,20.13184,16,4,stretch,0.75,64,10,10
v16-e4-stretch-f0.75-t64-s4-h5,0.2625,0.26,0.265,0.05,0.37,0.4,0.23,0.3,0.2375,0.48073580302298,0.461877524852752,0.46597262099385206,0.27651786338537904,0.5566666722297661,0.26500362083315804,0.345479760318994,93.34076568484306,18.668153136968613,20.13184,16,4,stretch,0.75,64,4,5
v16-e4-top-f0.5-t64-s4-h10,0.3,0.335,0.265,0.12,0.38,0.42,0.28,0.25,0.2875,0.477005502209067,0.46249970234930504,0.453303741291165,0.269002627581357,0.33078126050531803,0.253051655739545,0.322946434095501,93.97442266345024,9.397442266345024,15.70816,16,4,top,0.5,64,4,10
v16-e4-top-f0.75-t16-s4-h25,0.2825,0.25,0.315,0.1,0.41,0.44,0.18,0.25,0.275,0.47676514275372006,0.46110687777400006,0.44390154629945705,0.26103567238897,0.215462462976574,0.260273104533553,0.32215142026543603,93.67239102721214,3.746895641088485,20.13184,16,4,top,0.75,16,4,25
v16-e4-top-f0.75-t64-s10-h5,0.2775,0.295,0.26,0.05,0.31,0.51,0.24,0.275,0.2375,0.473987223580479,0.47924627736210806,0.47894372604787305,0.276487451046705,0.45533334116141,0.261521794274449,0.40004202798008903,147.72696048021317,29.545392096042633,20.13184,16,4,top,0.75,64,10,5
v16-e8-stretch-f0.75-t16-s4-h5,0.7475,0.805,0.69,0.49,0.84,0.92,0.74,0.8,0.8125,0.44787398353219005,0.42401791922748006,0.39782049693167204,0.172307979315519,0.37600000848372706,0.17197396736592002,0.29222054146230203,125.48000738024712,25.096001476049423,40.26368,16,8,stretch,0.75,16,4,5
v16-e8-stretch-f0.75-t64-s4-h10,0.7075,0.725,0.69,0.49,0.82,0.83,0.69,0.7,0.6875,0.45058923028409403,0.427097706124186,0.402687294408679,0.190732990391552,0.28796876035630703,0.19310509804636203,0.285100015252828,123.96356835961342,12.396356835961342,40.26368,16,8,stretch,0.75,64,4,10
v16-e8-stretch-f1-t16-s4-h50,0.6275,0.62,0.635,0.36,0.78,0.81,0.56,0.55,0.625,0.448383135721087,0.424337727949023,0.424337727949023,0.19642939604818802,0.106164212804287,0.20362776182591902,0.29485112465918,123.73878434300423,2.474775686860084,49.11104,16,8,stretch,1.0,16,4,50
v16-e8-stretch-f1-t64-s2-h50,0.67,0.66,0.68,0.37,0.84,0.85,0.62,0.725,0.7,0.45064325444400305,0.41117294505238505,0.41117294505238505,0.224381290376186,0.10075089754536701,0.226321787014603,0.21736282631754802,90.15161171555519,1.803032234311103,49.11104,16,8,stretch,1.0,64,2,50
v16-e8-top-f0.5-t64-s4-h25,0.5875,0.57,0.605,0.31,0.71,0.76,0.57,0.525,0.5625,0.45216340012848305,0.436426054686307,0.413526903837919,0.210459218360483,0.17905589798465302,0.218825021386146,0.29206431619822903,125.19080191850662,5.007632076740265,31.41632,16,8,top,0.5,64,4,25
v16-e8-top-f1-t16-s10-h10,0.5925,0.615,0.57,0.32,0.77,0.73,0.55,0.6,0.6625,0.45338556356728005,0.45403954014182,0.43534125946462104,0.208589722402393,0.30541667435318204,0.20812005437910502,0.34798150844872,223.31611812114716,22.331611812114716,49.11104,16,8,top,1.0,16,10,10
v16-e8-top-f1-t16-s10-h25,0.57,0.575,0.565,0.27,0.66,0.76,0.59,0.625,0.6375,0.45338556356728005,0.45403954014182,0.43025976791977805,0.21019207313656801,0.19117259606719,0.218199857510626,0.343168345838785,223.22779893875122,8.929111957550049,49.11104,16,8,top,1.0,16,10,25
v16-e8-top-f1-t16-s4-h5,0.665,0.675,0.655,0.37,0.84,0.79,0.66,0.7,0.6625,0.45338556356728005,0.43647047504782605,0.42092442326247603,0.20281910058110902,0.38022223214308404,0.19791282862424803,0.309646297618746,123.7008310854435,24.7401662170887,49.11104,16,8,top,1.0,16,4,5
v20-e12-stretch-f0.5-t64-s4-h25,0.61,0.64,0.58,0.34,0.7,0.8,0.6,0.7,0.675,0.455393068492412,0.43339471705257804,0.41271877847611904,0.211184043437242,0.18847693549469102,0.21176548618823202,0.29136394858360204,163.7917049229145,6.55166819691658,47.12448,20,12,stretch,0.5,64,4,25
v20-e12-stretch-f1-t16-s2-h10,0.6875,0.72,0.655,0.44,0.78,0.84,0.69,0.75,0.75,0.46192321367561806,0.42108506523072703,0.398814048618078,0.215327433310449,0.30546875670552204,0.20763538926839803,0.22040438093245002,114.58762735128403,11.458762735128403,73.66656,20,12,stretch,1.0,16,2,10
v20-e12-top-f0.5-t16-s2-h25,0.73,0.705,0.755,0.53,0.83,0.89,0.67,0.775,0.725,0.454701442271471,0.41713852807879404,0.39479821734130305,0.20754861086606902,0.17315278155729102,0.21421070974320103,0.21451990827918002,115.05993455648422,4.602397382259369,47.12448,20,12,top,0.5,16,2,25
v20-e12-top-f1-t64-s2-h10,0.72,0.735,0.705,0.47,0.79,0.9,0.72,0.675,0.7,0.45513924583792603,0.415022389963269,0.39149812422692704,0.20759905129671002,0.277083339169621,0.21165864635258902,0.21169989220798002,114.96732011437416,11.496732011437416,73.66656,20,12,top,1.0,64,2,10
v20-e12-top-f1-t64-s4-h25,0.6125,0.605,0.62,0.31,0.77,0.82,0.55,0.575,0.5625,0.45513924583792603,0.43225890770554504,0.408261522650718,0.19566542934626302,0.17570488760247802,0.20860807746648702,0.285318222269415,162.10271045565605,6.484108418226242,73.66656,20,12,top,1.0,64,4,25
v20-e16-stretch-f1-t16-s2-h25,0.7425,0.78,0.705,0.54,0.83,0.9,0.7,0.85,0.825,0.476549737155437,0.41845678538084,0.39092807471752106,0.195714165456593,0.167765737511217,0.19664251469075603,0.207081318646669,129.7696940600872,5.190787762403488,98.22208,20,16,stretch,1.0,16,2,25
v20-e16-top-f0.5-t64-s10-h25,0.665,0.645,0.685,0.52,0.73,0.75,0.66,0.625,0.6375,0.456341296434402,0.442497551441192,0.41707743331789904,0.19295852165669203,0.17678953334689101,0.19674396310001602,0.327029614523053,386.4913173019886,15.459652692079544,62.83264,20,16,top,0.5,64,10,25
v20-e16-top-f0.5-t64-s2-h10,0.73,0.735,0.725,0.51,0.83,0.92,0.66,0.65,0.7375,0.456341296434402,0.41032198071479803,0.38537897355854506,0.204121547751128,0.260729174595326,0.196901580691337,0.21092900410294502,129.92946058511734,12.992946058511734,62.83264,20,16,top,0.5,64,2,10
v20-e16-top-f0.75-t16-s10-h25,0.6475,0.635,0.66,0.38,0.78,0.82,0.61,0.625,0.675,0.46280499175190903,0.442561797797679,0.415529008954763,0.188744228333234,0.17695173108950202,0.18964274507015902,0.32374982945621,387.4187767505646,15.496751070022583,80.52736,20,16,top,0.75,16,10,25
v20-e4-stretch-f0.5-t16-s2-h25,0.4825,0.465,0.5,0.25,0.68,0.56,0.44,0.45,0.4625,0.46558869630098304,0.42985166236758204,0.412324337288737,0.24280302971601403,0.195449449121952,0.24371762834489302,0.22674120366573303,84.36176553368568,3.374470621347427,15.70816,20,4,stretch,0.5,16,2,25
v20-e4-stretch-f0.5-t64-s2-h25,0.4675,0.49,0.445,0.21,0.63,0.55,0.48,0.55,0.475,0.464165085926651,0.42838725633919206,0.41099649854004305,0.24661533068865502,0.19320484064519403,0.24960765764117201,0.22341686524450702,84.8265066742897,3.393060266971588,15.70816,20,4,stretch,0.5,64,2,25
v20-e4-stretch-f0.75-t64-s2-h5,0.4975,0.535,0.46,0.29,0.65,0.5,0.55,0.45,0.5,0.46244550868868806,0.42762073501944503,0.422525724396109,0.25515391677618005,0.40955556730429304,0.24494900926947502,0.23851021267473702,83.87088775634766,16.77417755126953,20.13184,20,4,stretch,0.75,64,2,5
v20-e4-stretch-f1-t16-s10-h5,0.4125,0.425,0.4,0.18,0.48,0.48,0.51,0.4,0.425,0.463353134691715,0.46984024718403805,0.46821391209959906,0.25091270077973604,0.47244445582230804,0.24292136840522202,0.397751072794198,156.40384703874588,31.280769407749176,24.55552,20,4,stretch,1.0,16,10,5
v20-e4-stretch-f1-t64-s10-h5,0.425,0.42,0.43,0.19,0.6,0.4,0.51,0.3,0.3875,0.462235111743211,0.46544916555285404,0.467580756172537,0.254187548533082,0.44177778661251005,0.24772973768413,0.38897882550954804,155.57095035910606,31.114190071821213,24.55552,20,4,stretch,1.0,64,10,5
v20-e4-stretch-f1-t64-s4-h25,0.46,0.47,0.45,0.23,0.6,0.52,0.49,0.375,0.425,0.462235111743211,0.446837902069091,0.42748885974287903,0.23680943623185102,0.204366360325366,0.241564375162124,0.303329425305128,101.81077569723129,4.072431027889252,24.55552,20,4,stretch,1.0,64,4,25
v20-e8-stretch-f0.5-t16-s10-h10,0.4275,0.39,0.465,0.15,0.6,0.56,0.4,0.275,0.275,0.46252460405230506,0.46732946857810004,0.45471734739840003,0.244378360919654,0.344427092932164,0.24537810981273603,0.37254540622234306,233.81496593356133,23.381496593356133,31.41632,20,8,stretch,0.5,16,10,10
v20-e8-stretch-f0.75-t16-s2-h25,0.5225,0.565,0.48,0.28,0.73,0.63,0.45,0.525,0.575,0.46170045249164104,0.426456058397889,0.40560564957559103,0.23423462733626302,0.18516414379701002,0.240837858989834,0.22393886372447003,99.703598767519,3.98814395070076,40.26368,20,8,stretch,0.75,16,2,25
v20-e8-top-f1-t64-s4-h10,0.53,0.515,0.545,0.34,0.66,0.62,0.5,0.475,0.5125,0.45932146348059105,0.44412259571254203,0.42401643097400604,0.22630083095282302,0.300156256183981,0.21231609489768702,0.300205675512552,131.83525949716568,13.183525949716568,49.11104,20,8,top,1.0,64,4,10
v20-e8-top-f1-t64-s4-h5,0.5,0.515,0.485,0.19,0.65,0.59,0.57,0.475,0.525,0.45932146348059105,0.44412259571254203,0.42909021861851204,0.22615205962210802,0.456888897220293,0.21194395646452902,0.31427028477191904,131.91833719611168,26.383667439222336,49.11104,20,8,top,1.0,64,4,5
v24-e12-stretch-f0.5-t64-s10-h10,0.68,0.7,0.66,0.44,0.75,0.83,0.7,0.725,0.75,0.452728975564241,0.441834338009357,0.41998576745390803,0.195786969736218,0.294166672974824,0.200986216589808,0.33867218606173904,322.01971113681793,32.20197111368179,47.12448,24,12,stretch,0.5,64,10,10
v24-e12-stretch-f1-t16-s4-h10,0.72,0.73,0.71,0.45,0.84,0.91,0.68,0.675,0.725,0.45166704617440706,0.424012867733836,0.39385912939906104,0.175336533226072,0.27989583928138,0.17444690801203203,0.27606493420898903,171.96228727698326,17.196228727698326,73.66656,24,12,stretch,1.0,16,4,10
v24-e12-stretch-f1-t16-s4-h25,0.725,0.735,0.715,0.53,0.78,0.93,0.66,0.725,0.725,0.45166704617440706,0.424012867733836,0.39801832102239104,0.178287207148969,0.174328721128404,0.18448521737009202,0.275371808186173,171.5669520199299,6.862678080797195,73.66656,24,12,stretch,1.0,16,4,25
v24-e12-stretch-f1-t64-s4-h5,0.7,0.74,0.66,0.42,0.85,0.83,0.7,0.65,0.675,0.454451877623796,0.42600267939269504,0.404235273599624,0.18962396122515202,0.39000000655651,0.19050443395972202,0.296459978073835,171.0052751004696,34.20105502009392,73.66656,24,12,stretch,1.0,64,4,5
v24-e12-top-f0.5-t16-s10-h10,0.5075,0.52,0.495,0.17,0.76,0.63,0.47,0.425,0.4375,0.46129900030791704,0.459821920841932,0.440722232684493,0.233358853496611,0.32291667535901003,0.221143229305744,0.357862341403961,319.024033844471,31.902403384447098,47.12448,24,12,top,0.5,16,10,10
v24-e12-top-f0.5-t16-s10-h25,0.415,0.42,0.41,0.13,0.56,0.6,0.37,0.4,0.425,0.46129900030791704,0.459821920841932,0.439498567953705,0.23523031082004303,0.19262092327699,0.237553321197628,0.35532643385231405,321.92328199744225,12.87693127989769,47.12448,24,12,top,0.5,16,10,25
v24-e12-top-f0.5-t64-s2-h50,0.4825,0.52,0.445,0.26,0.62,0.61,0.44,0.55,0.5375,0.462094951421022,0.42790530435740903,0.42790530435740903,0.252042992971837,0.09736918099224501,0.255028180778026,0.22518714927136801,123.56284260749817,2.471256852149963,47.12448,24,12,top,0.5,64,2,50
v24-e12-top-f0.75-t16-s2-h10,0.65,0.685,0.615,0.33,0.84,0.77,0.66,0.675,0.725,0.46153816208243303,0.423894232138991,0.398708222433924,0.23230903036892403,0.28812500834465005,0.217959777638316,0.21931292042136102,124.08778071403503,12.408778071403503,60.39552,24,12,top,0.75,16,2,10
v24-e12-top-f0.75-t16-s4-h50,0.4825,0.475,0.49,0.15,0.61,0.68,0.49,0.375,0.4625,0.46153816208243303,0.44205835461616505,0.44205835461616505,0.23768529389053503,0.108946097549051,0.24208401665091503,0.313097712397575,172.74085059762,3.4548170119524,60.39552,24,12,top,0.75,16,4,50
v24-e12-top-f1-t64-s2-h5,0.6275,0.635,0.62,0.23,0.79,0.77,0.72,0.575,0.6,0.46254101023077904,0.42663812451064503,0.40479439124464905,0.23953798413276603,0.400666676461696,0.220532978326082,0.22496574632823402,123.19647893309593,24.639295786619186,73.66656,24,12,top,1.0,64,2,5
v24-e16-stretch-f0.5-t64-s10-h5,0.5925,0.605,0.58,0.32,0.69,0.66,0.7,0.5,0.575,0.4595792517066,0.450282786041498,0.43946155346930005,0.211585350334644,0.468666675686836,0.198515431582927,0.362657510489225,395.45298367738724,79.09059673547745,62.83264,24,16,stretch,0.5,64,10,5
v24-e16-stretch-f1-t16-s4-h10,0.6675,0.67,0.665,0.36,0.79,0.91,0.61,0.575,0.675,0.47421030886471205,0.44118741713464205,0.41434323601424605,0.19757405016571203,0.311041674576699,0.185284716635942,0.28695438429713205,201.9057422876358,20.19057422876358,98.22208,24,16,stretch,1.0,16,4,10
v24-e16-top-f0.5-t64-s2-h10,0.695,0.715,0.675,0.44,0.79,0.86,0.69,0.675,0.7375,0.458436153829097,0.41836081631481603,0.39476149901747704,0.21160651650279702,0.269375006668269,0.214927474409341,0.21318687051534602,138.868760317564,13.886876031756401,62.83264,24,16,top,0.5,64,2,10
v24-e16-top-f0.75-t16-s4-h25,0.6875,0.67,0.705,0.47,0.72,0.87,0.69,0.65,0.6125,0.462231112644076,0.43555943109095,0.41203273832798004,0.19255858939141002,0.17805740563198902,0.199563745595514,0.28645744584500704,203.33021879196167,8.133208751678467,80.52736,24,16,top,0.75,16,4,25
v24-e16-top-f0.75-t64-s2-h50,0.635,0.62,0.65,0.38,0.7,0.86,0.6,0.65,0.65,0.461012136191129,0.418456548824906,0.418456548824906,0.21870423387736002,0.10061051277443701,0.23021303117275202,0.220027020946145,139.90402221679688,2.798080444335937,80.52736,24,16,top,0.75,64,2,50
v24-e16-top-f1-t64-s4-h25,0.6525,0.655,0.65,0.4,0.72,0.83,0.66,0.675,0.7,0.46750674955546806,0.435826517641544,0.411168783903121,0.192650752142071,0.17658926080912302,0.20604948159307201,0.284767054393887,201.42226293683052,8.05689051747322,98.22208,24,16,top,1.0,64,4,25
v24-e4-stretch-f1-t64-s2-h10,0.3225,0.365,0.28,0.16,0.5,0.32,0.31,0.275,0.3125,0.47784923203289503,0.445250714197754,0.434246499091386,0.27925949729979005,0.33713542670011504,0.276659791916608,0.24745190180838103,92.68542006611824,9.268542006611824,24.55552,24,4,stretch,1.0,64,2,10
v24-e4-top-f0.5-t16-s10-h10,0.18,0.145,0.215,0.06,0.33,0.16,0.17,0.175,0.125,0.491012500599026,0.507128603756427,0.5113802850246421,0.320168374106287,0.38442709483206206,0.31775273047387603,0.41633382514119105,165.88818281888962,16.588818281888962,15.70816,24,4,top,0.5,16,10,10
v24-e4-top-f0.5-t16-s10-h5,0.2425,0.22,0.265,0.03,0.45,0.27,0.22,0.175,0.275,0.491012500599026,0.507128603756427,0.526506528258323,0.327914604917168,0.46688889662424704,0.324942268058657,0.44182028099894505,165.8286526799202,33.16573053598404,15.70816,24,4,top,0.5,16,10,5
v24-e4-top-f0.5-t16-s4-h50,0.19,0.185,0.195,0.07,0.41,0.12,0.16,0.175,0.2125,0.491012500599026,0.484627228230237,0.484627228230237,0.308083901181817,0.14197291759774,0.32609040066599804,0.34974457025527905,111.41505837440491,2.228301167488098,15.70816,24,4,top,0.5,16,4,50
v24-e4-top-f0.75-t64-s10-h25,0.085,0.08,0.09,0.01,0.15,0.09,0.09,0.05,0.0875,0.49463088810443806,0.5130037665367121,0.49672939069569105,0.32098256610333903,0.234803230501711,0.344175818935036,0.41570416092872603,165.20719975233078,6.608287990093231,20.13184,24,4,top,0.75,64,10,25
v24-e4-top-f1-t64-s2-h5,0.1225,0.115,0.13,0.01,0.23,0.07,0.18,0.05,0.125,0.49432634934782904,0.468306887894868,0.46974381618201705,0.320247754454612,0.512000009417533,0.329837573692202,0.275754714012146,93.42776238918304,18.68555247783661,24.55552,24,4,top,1.0,64,2,5
v24-e8-stretch-f0.5-t16-s4-h10,0.55,0.55,0.55,0.3,0.72,0.57,0.61,0.65,0.575,0.456043617799878,0.43888386711478206,0.417603444308042,0.216233794577419,0.283385421615093,0.20675289854407303,0.301638172194361,142.193753272295,14.2193753272295,31.41632,24,8,stretch,0.5,16,4,10
v24-e8-stretch-f1-t16-s2-h50,0.5625,0.595,0.53,0.39,0.69,0.6,0.57,0.5,0.5625,0.455314613878726,0.41768047213554305,0.41768047213554305,0.235058021731674,0.10096377693116601,0.23667557612061502,0.225040567293763,108.20896178483963,2.164179235696792,49.11104,24,8,stretch,1.0,16,2,50
v24-e8-stretch-f1-t64-s4-h5,0.5975,0.595,0.6,0.26,0.72,0.77,0.64,0.55,0.575,0.45256236754357804,0.43812546879053105,0.420354692265391,0.21454518660902902,0.442000010609626,0.206623100116848,0.312073443457484,142.09970459342003,28.419940918684006,49.11104,24,8,stretch,1.0,64,4,5
v24-e8-top-f0.5-t16-s4-h25,0.3275,0.355,0.3,0.16,0.48,0.44,0.23,0.35,0.325,0.474636329337954,0.463081698864698,0.44547742791473804,0.258852867409586,0.20321163907647102,0.272040912508964,0.318618520349264,141.99486374855042,5.679794549942017,31.41632,24,8,top,0.5,16,4,25
v24-e8-top-f0.75-t64-s10-h50,0.185,0.195,0.175,0.08,0.31,0.15,0.2,0.275,0.2125,0.474643623456358,0.48314450867474,0.48314450867474,0.28408651053905404,0.131232816260308,0.313046827539801,0.39508079439401605,241.98128283023834,4.839625656604767,40.26368,24,8,top,0.75,64,10,50
v24-e8-top-f1-t16-s2-h10,0.4725,0.505,0.44,0.25,0.68,0.6,0.36,0.45,0.4625,0.47383483685553,0.44056286476552403,0.42271224781870803,0.25840781442821004,0.31802083924412705,0.25572972744703204,0.23772118911147103,109.09334942698479,10.909334942698479,49.11104,24,8,top,1.0,16,2,10
v24-e8-top-f1-t64-s2-h5,0.38,0.405,0.355,0.06,0.52,0.53,0.41,0.35,0.3875,0.47432374395430005,0.44287038408219803,0.43204740248620505,0.274646910838782,0.49511111676692904,0.271256997063756,0.255870043858885,108.42565447092056,21.685130894184113,49.11104,24,8,top,1.0,64,2,5
v8-e12-stretch-f0.75-t64-s2-h50,0.4575,0.47,0.445,0.26,0.42,0.7,0.45,0.425,0.4375,0.47386982105672304,0.422392379492521,0.422392379492521,0.25322700943797805,0.09858492994681001,0.252700109034776,0.21165080405771702,89.84528854489326,1.796905770897865,60.39552,8,12,stretch,0.75,64,2,50
v8-e12-stretch-f0.75-t64-s4-h10,0.56,0.6,0.52,0.26,0.64,0.75,0.59,0.65,0.65,0.47386982105672304,0.434431754052639,0.41563404910266405,0.22164042573422102,0.323645844124257,0.210658983141183,0.27736792527139104,138.57727125287056,13.857727125287056,60.39552,8,12,stretch,0.75,64,4,10
v8-e12-stretch-f1-t64-s4-h25,0.6075,0.57,0.645,0.45,0.63,0.73,0.62,0.5,0.5375,0.47711758688092204,0.43581089377403204,0.414123278111219,0.22099138703197202,0.18533663963899003,0.219088913127779,0.2702466763556,137.47936114668846,5.4991744458675385,73.66656,8,12,stretch,1.0,64,4,25
v8-e16-stretch-f0.5-t64-s2-h25,0.55,0.545,0.555,0.38,0.52,0.7,0.6,0.5,0.6,0.47382482141256305,0.435334365814924,0.416343132033944,0.25590015575289704,0.193576636258512,0.24379232786595803,0.21971915550529902,106.14363476634026,4.24574539065361,62.83264,8,16,stretch,0.5,64,2,25
v8-e16-stretch-f0.75-t64-s4-h10,0.5175,0.505,0.53,0.26,0.55,0.64,0.62,0.575,0.55,0.47773403674364,0.445226453244686,0.42905558086931705,0.239080264233052,0.33000000938773105,0.216914892941713,0.289515092596411,171.16206884384155,17.116206884384155,80.52736,8,16,stretch,0.75,64,4,10
v8-e16-stretch-f0.75-t64-s4-h5,0.5375,0.515,0.56,0.28,0.48,0.68,0.71,0.5,0.5,0.47773403674364,0.445226453244686,0.435308750718832,0.23948127310723002,0.47866667111714606,0.21521957423537902,0.30318868532776805,169.26224902272224,33.85244980454445,80.52736,8,16,stretch,0.75,64,4,5
v8-e4-stretch-f0.5-t16-s4-h5,0.7725,0.79,0.755,0.53,0.86,0.91,0.79,0.675,0.775,0.448902059346437,0.42184379696846,0.39723012968897803,0.168070878833532,0.37333334038654903,0.16815043371170701,0.285166599228978,77.58450135588646,15.516900271177292,15.70816,8,4,stretch,0.5,16,4,5
v8-e4-stretch-f1-t16-s10-h10,0.725,0.735,0.715,0.46,0.82,0.86,0.76,0.625,0.7,0.450323263183236,0.439315455034375,0.412720372900366,0.17519130930304502,0.29927084408700405,0.175955208577215,0.32547641769051505,131.0909502208233,13.109095022082329,24.55552,8,4,stretch,1.0,16,10,10
v8-e4-top-f1-t64-s2-h50,0.55,0.56,0.54,0.33,0.7,0.63,0.54,0.475,0.575,0.457616345956921,0.41846364550292403,0.41846364550292403,0.24450123403221302,0.10373831866309001,0.248016478493809,0.21963796429336002,58.98237228393555,1.179647445678711,24.55552,8,4,top,1.0,64,2,50
v8-e8-stretch-f0.5-t64-s10-h10,0.615,0.61,0.62,0.33,0.77,0.74,0.62,0.6,0.5875,0.45803812891244805,0.44473849609494204,0.425187787041068,0.19956129882484602,0.29166667535901003,0.19964563772082303,0.33355670161545203,208.09956640005112,20.80995664000511,31.41632,8,8,stretch,0.5,64,10,10
v8-e8-stretch-f0.5-t64-s2-h25,0.695,0.675,0.715,0.39,0.81,0.94,0.64,0.725,0.725,0.45803812891244805,0.413558466359972,0.39164239168167103,0.20902303047478202,0.171058035921305,0.21350634824484502,0.207242238894104,74.50534030795097,2.980213612318039,31.41632,8,8,stretch,0.5,64,2,25
