cap,budget,method,sr_eval,regret,regret_se,episodes_used
none,400,random_full,0.6639499999999999,0.18104999999999996,0.006670535752263247,400.0
none,400,sh_n8,0.7485499999999999,0.09644999999999997,0.0034272506798047647,384.0
none,400,sh_n16,0.7585333333333334,0.08646666666666664,0.0029352354943696438,384.0
none,400,sh_n32,0.74665,0.09834999999999998,0.0034957247698677116,320.0
none,400,proxy_top1[fm_loss],0.6899999999999998,0.155,1.6024689053196364e-18,0.0
none,400,proxy_sh[fm_loss]_n8,0.7146999999999999,0.1303,0.001522508894336364,384.0
none,400,proxy_sh[fm_loss]_n16,0.7189666666666665,0.12603333333333333,0.0018522648798660491,384.0
none,400,proxy_top1[act_l1_exec],0.79,0.05499999999999993,4.006172263299091e-19,0.0
none,400,proxy_sh[act_l1_exec]_n8,0.7940333333333334,0.05096666666666663,0.0020195424857753917,384.0
none,400,proxy_sh[act_l1_exec]_n16,0.7872666666666667,0.05773333333333331,0.002418237803458145,384.0
none,400,proxy_top1[kd_onpolicy],0.7999999999999999,0.04499999999999993,0.0,0.0
none,400,proxy_sh[kd_onpolicy]_n8,0.7865,0.058499999999999955,0.0008450838222724804,384.0
none,400,proxy_sh[kd_onpolicy]_n16,0.7923,0.05269999999999996,0.0016548346678075653,384.0
none,800,random_full,0.7238666666666665,0.1211333333333333,0.004342956835391537,800.0
none,800,sh_n8,0.7534666666666666,0.09153333333333331,0.0032206705075990805,792.0
none,800,sh_n16,0.7710166666666667,0.0739833333333333,0.0028184213797929638,768.0
none,800,sh_n32,0.7789,0.06609999999999996,0.0025681532491483275,800.0
none,800,proxy_top1[fm_loss],0.6899999999999998,0.155,1.6024689053196364e-18,0.0
none,800,proxy_sh[fm_loss]_n8,0.7115166666666666,0.13348333333333334,0.0014745429298097274,792.0
none,800,proxy_sh[fm_loss]_n16,0.7252666666666666,0.11973333333333332,0.0018618350167589057,768.0
none,800,proxy_top1[act_l1_exec],0.79,0.05499999999999993,4.006172263299091e-19,0.0
none,800,proxy_sh[act_l1_exec]_n8,0.7892333333333335,0.05576666666666663,0.0014690271409135837,792.0
none,800,proxy_sh[act_l1_exec]_n16,0.7926833333333334,0.05231666666666663,0.0017648258229029804,768.0
none,800,proxy_top1[kd_onpolicy],0.7999999999999999,0.04499999999999993,0.0,0.0
none,800,proxy_sh[kd_onpolicy]_n8,0.7803666666666668,0.06463333333333329,0.0006717280093300545,792.0
none,800,proxy_sh[kd_onpolicy]_n16,0.7944833333333334,0.050516666666666626,0.00151875283874144,768.0
none,1600,random_full,0.7542333333333333,0.09076666666666663,0.0032252883879097054,1600.0
none,1600,sh_n8,0.7595500000000001,0.08544999999999997,0.0029403594829355284,1456.0
none,1600,sh_n16,0.7769833333333332,0.06801666666666664,0.0025609132847193112,1600.0
none,1600,sh_n32,0.7823,0.06269999999999996,0.0023309821487471276,1600.0
none,1600,proxy_top1[fm_loss],0.6899999999999998,0.155,1.6024689053196364e-18,0.0
none,1600,proxy_sh[fm_loss]_n8,0.6973666666666666,0.14763333333333337,0.0009151178835214303,1456.0
none,1600,proxy_sh[fm_loss]_n16,0.7285166666666666,0.11648333333333331,0.0021384441817635844,1600.0
none,1600,proxy_top1[act_l1_exec],0.79,0.05499999999999993,4.006172263299091e-19,0.0
none,1600,proxy_sh[act_l1_exec]_n8,0.7777833333333335,0.06721666666666662,0.0007356094726798287,1456.0
none,1600,proxy_sh[act_l1_exec]_n16,0.7863666666666668,0.058633333333333294,0.001353964001928602,1600.0
none,1600,proxy_top1[kd_onpolicy],0.7999999999999999,0.04499999999999993,0.0,0.0
none,1600,proxy_sh[kd_onpolicy]_n8,0.7755500000000001,0.06944999999999996,0.0002269177530883528,1456.0
none,1600,proxy_sh[kd_onpolicy]_n16,0.7862166666666668,0.05878333333333329,0.0013417688021855763,1600.0
none,3200,random_full,0.7804,0.06459999999999998,0.002594656903030619,3200.0
none,3200,sh_n8,0.7583000000000001,0.08669999999999997,0.003178806554528147,2264.0
none,3200,sh_n16,0.7791666666666667,0.06583333333333331,0.002464845423746277,2800.0
none,3200,sh_n32,0.7910333333333334,0.053966666666666635,0.0020194324468541663,2960.0
none,3200,proxy_top1[fm_loss],0.6899999999999998,0.155,1.6024689053196364e-18,0.0
none,3200,proxy_sh[fm_loss]_n8,0.6899999999999998,0.155,1.6024689053196364e-18,2264.0
none,3200,proxy_sh[fm_loss]_n16,0.7270666666666666,0.11793333333333332,0.0023031829827115037,2800.0
none,3200,proxy_top1[act_l1_exec],0.79,0.05499999999999993,4.006172263299091e-19,0.0
none,3200,proxy_sh[act_l1_exec]_n8,0.7750000000000002,0.06999999999999995,0.0,2264.0
none,3200,proxy_sh[act_l1_exec]_n16,0.7760000000000002,0.06899999999999996,0.0004183300132670375,2800.0
none,3200,proxy_top1[kd_onpolicy],0.7999999999999999,0.04499999999999993,0.0,0.0
none,3200,proxy_sh[kd_onpolicy]_n8,0.7750000000000002,0.06999999999999995,0.0,2264.0
none,3200,proxy_sh[kd_onpolicy]_n16,0.7760500000000001,0.06894999999999996,0.0004209018096104282,2800.0
lat<=median,400,random_full,0.6665333333333333,0.17846666666666663,0.00646343963009262,400.0
lat<=median,400,sh_n8,0.74845,0.09654999999999998,0.0038554496062932347,384.0
lat<=median,400,sh_n16,0.7609333333333332,0.08406666666666666,0.003599751020196731,384.0
lat<=median,400,sh_n32,0.7559333333333332,0.08906666666666667,0.003736440175512674,320.0
lat<=median,400,proxy_top1[fm_loss],0.6349999999999998,0.20999999999999996,0.0,0.0
lat<=median,400,proxy_sh[fm_loss]_n8,0.7329,0.11209999999999999,0.0020324506280733024,384.0
lat<=median,400,proxy_sh[fm_loss]_n16,0.7304499999999999,0.11454999999999999,0.001818620508945052,384.0
lat<=median,400,proxy_top1[act_l1_exec],0.8449999999999999,0.0,0.0,0.0
lat<=median,400,proxy_sh[act_l1_exec]_n8,0.8102666666666666,0.03473333333333333,0.0030015341756187627,384.0
lat<=median,400,proxy_sh[act_l1_exec]_n16,0.7911999999999999,0.0538,0.0032595466624124963,384.0
lat<=median,400,proxy_top1[kd_onpolicy],0.6850000000000002,0.1599999999999999,1.6024689053196364e-18,0.0
lat<=median,400,proxy_sh[kd_onpolicy]_n8,0.8206333333333332,0.024366666666666675,0.002199948652599436,384.0
lat<=median,400,proxy_sh[kd_onpolicy]_n16,0.7934499999999999,0.051550000000000006,0.003191750216486942,384.0
lat<=median,800,random_full,0.7214999999999999,0.12349999999999997,0.004659667370102719,800.0
lat<=median,800,sh_n8,0.7541333333333333,0.09086666666666667,0.003638566058622951,792.0
lat<=median,800,sh_n16,0.7754166666666666,0.06958333333333333,0.0033785646470171427,768.0
lat<=median,800,sh_n32,0.7872333333333332,0.05776666666666666,0.0032028696623612506,800.0
lat<=median,800,proxy_top1[fm_loss],0.6349999999999998,0.20999999999999996,0.0,0.0
lat<=median,800,proxy_sh[fm_loss]_n8,0.7481333333333333,0.09686666666666663,0.0018049458799724815,792.0
lat<=median,800,proxy_sh[fm_loss]_n16,0.7395833333333334,0.10541666666666666,0.0018117607049088623,768.0
lat<=median,800,proxy_top1[act_l1_exec],0.8449999999999999,0.0,0.0,0.0
lat<=median,800,proxy_sh[act_l1_exec]_n8,0.8316833333333331,0.013316666666666668,0.002050406237978401,792.0
lat<=median,800,proxy_sh[act_l1_exec]_n16,0.8159,0.0291,0.002517951107106287,768.0
lat<=median,800,proxy_top1[kd_onpolicy],0.6850000000000002,0.1599999999999999,1.6024689053196364e-18,0.0
lat<=median,800,proxy_sh[kd_onpolicy]_n8,0.8358833333333332,0.00911666666666667,0.00112591156484506,792.0
lat<=median,800,proxy_sh[kd_onpolicy]_n16,0.8145666666666664,0.030433333333333337,0.002529259150789387,768.0
lat<=median,1600,random_full,0.7593333333333333,0.08566666666666667,0.0035782780878621033,1600.0
lat<=median,1600,sh_n8,0.7624833333333332,0.08251666666666665,0.0034949565514175267,1456.0
lat<=median,1600,sh_n16,0.7867666666666666,0.05823333333333333,0.0030493417626079864,1600.0
lat<=median,1600,sh_n32,0.8123833333333332,0.03261666666666667,0.0025345850343392097,1600.0
lat<=median,1600,proxy_top1[fm_loss],0.6349999999999998,0.20999999999999996,0.0,0.0
lat<=median,1600,proxy_sh[fm_loss]_n8,0.7674,0.07759999999999996,0.00073539105243401,1456.0
lat<=median,1600,proxy_sh[fm_loss]_n16,0.7592166666666667,0.0857833333333333,0.001377561923055314,1600.0
lat<=median,1600,proxy_top1[act_l1_exec],0.8449999999999999,0.0,0.0,0.0
lat<=median,1600,proxy_sh[act_l1_exec]_n8,0.8437499999999998,0.0012499999999999992,0.0005543389456520859,1456.0
lat<=median,1600,proxy_sh[act_l1_exec]_n16,0.8374666666666665,0.0075333333333333355,0.0011646395086829162,1600.0
lat<=median,1600,proxy_top1[kd_onpolicy],0.6850000000000002,0.1599999999999999,1.6024689053196364e-18,0.0
lat<=median,1600,proxy_sh[kd_onpolicy]_n8,0.8444999999999999,0.0005000000000000004,0.0002217355782608347,1456.0
lat<=median,1600,proxy_sh[kd_onpolicy]_n16,0.8357499999999999,0.009250000000000001,0.001338142369107263,1600.0
lat<=median,3200,random_full,0.7933666666666667,0.05163333333333334,0.002961605545545761,3200.0
lat<=median,3200,sh_n8,0.7577166666666667,0.08728333333333332,0.0036922003627266105,2264.0
lat<=median,3200,sh_n16,0.7879166666666666,0.05708333333333333,0.0030209875439565683,2800.0
lat<=median,3200,sh_n32,0.8201333333333332,0.02486666666666667,0.0019436353872366381,2960.0
lat<=median,3200,proxy_top1[fm_loss],0.6349999999999998,0.20999999999999996,0.0,0.0
lat<=median,3200,proxy_sh[fm_loss]_n8,0.77,0.07499999999999996,0.0,2264.0
lat<=median,3200,proxy_sh[fm_loss]_n16,0.7689166666666667,0.0760833333333333,0.0004804270862318085,2800.0
lat<=median,3200,proxy_top1[act_l1_exec],0.8449999999999999,0.0,0.0,0.0
lat<=median,3200,proxy_sh[act_l1_exec]_n8,0.8449999999999999,0.0,0.0,2264.0
lat<=median,3200,proxy_sh[act_l1_exec]_n16,0.8446999999999998,0.00030000000000000024,0.000172336879396141,2800.0
lat<=median,3200,proxy_top1[kd_onpolicy],0.6850000000000002,0.1599999999999999,1.6024689053196364e-18,0.0
lat<=median,3200,proxy_sh[kd_onpolicy]_n8,0.8449999999999999,0.0,0.0,2264.0
lat<=median,3200,proxy_sh[kd_onpolicy]_n16,0.8443999999999998,0.0006000000000000005,0.00024248711305964303,2800.0
