cap,n_cand,budget,method,sr_eval,regret,regret_se,episodes_used
none,111,400,random_full,0.6639499999999999,0.18104999999999996,0.006670535752263247,400.0
none,111,400,sh_n16,0.7564333333333334,0.08856666666666664,0.0033194438400743287,384.0
none,111,400,predictor_ridge,0.75325,0.09174999999999997,0.0029819945785776784,400.0
none,111,400,proxy_top1[fm_loss],0.6899999999999998,0.155,1.6024689053196364e-18,0.0
none,111,400,proxy_sh[fm_loss]_n8,0.7146999999999999,0.1303,0.001522508894336364,384.0
none,111,400,proxy_top1[act_l1_exec],0.79,0.05499999999999993,4.006172263299091e-19,0.0
none,111,400,proxy_sh[act_l1_exec]_n8,0.7940333333333334,0.05096666666666663,0.0020195424857753917,384.0
none,111,400,proxy_top1[kd_onpolicy],0.7999999999999999,0.04499999999999993,0.0,0.0
none,111,400,proxy_sh[kd_onpolicy]_n8,0.7865,0.058499999999999955,0.0008450838222724804,384.0
none,111,400,proxy_top1[zc_gradnorm],0.5300000000000001,0.315,3.2049378106392727e-18,0.0
none,111,400,proxy_sh[zc_gradnorm]_n8,0.6556000000000001,0.18939999999999999,0.0021434447871488452,384.0
none,111,400,proxy_top1[zc_snip],0.6799999999999999,0.16499999999999992,0.0,0.0
none,111,400,proxy_sh[zc_snip]_n8,0.7017666666666665,0.14323333333333338,0.0008049407615654882,384.0
none,111,400,proxy_top1[zc_naswot],0.7999999999999999,0.04499999999999993,0.0,0.0
none,111,400,proxy_sh[zc_naswot]_n8,0.8112499999999999,0.03374999999999997,0.0018281935528457211,384.0
none,111,400,bound_race(M1+M3),0.7832666666666668,0.061733333333333286,0.0007579113600082989,400.0
none,111,800,random_full,0.7238666666666665,0.1211333333333333,0.004342956835391537,800.0
none,111,800,sh_n16,0.7744166666666666,0.0705833333333333,0.0027319568010792123,768.0
none,111,800,predictor_ridge,0.7826166666666667,0.06238333333333331,0.002701894225799264,800.0
none,111,800,proxy_top1[fm_loss],0.6899999999999998,0.155,1.6024689053196364e-18,0.0
none,111,800,proxy_sh[fm_loss]_n8,0.7115166666666666,0.13348333333333334,0.0014745429298097274,792.0
none,111,800,proxy_top1[act_l1_exec],0.79,0.05499999999999993,4.006172263299091e-19,0.0
none,111,800,proxy_sh[act_l1_exec]_n8,0.7892333333333335,0.05576666666666663,0.0014690271409135837,792.0
none,111,800,proxy_top1[kd_onpolicy],0.7999999999999999,0.04499999999999993,0.0,0.0
none,111,800,proxy_sh[kd_onpolicy]_n8,0.7803666666666668,0.06463333333333329,0.0006717280093300545,792.0
none,111,800,proxy_top1[zc_gradnorm],0.5300000000000001,0.315,3.2049378106392727e-18,0.0
none,111,800,proxy_sh[zc_gradnorm]_n8,0.6738,0.17119999999999994,0.0010544508839517696,792.0
none,111,800,proxy_top1[zc_snip],0.6799999999999999,0.16499999999999992,0.0,0.0
none,111,800,proxy_sh[zc_snip]_n8,0.7048666666666666,0.14013333333333336,0.00013311092561663922,792.0
none,111,800,proxy_top1[zc_naswot],0.7999999999999999,0.04499999999999993,0.0,0.0
none,111,800,proxy_sh[zc_naswot]_n8,0.8186666666666667,0.026333333333333306,0.0016154348113215909,792.0
none,111,800,bound_race(M1+M3),0.7860833333333335,0.05891666666666663,0.0009205850595419467,800.0
none,111,1600,random_full,0.7542333333333333,0.09076666666666663,0.0032252883879097054,1600.0
none,111,1600,sh_n16,0.7787833333333333,0.06621666666666663,0.002581409857394182,1600.0
none,111,1600,predictor_ridge,0.7841166666666667,0.06088333333333331,0.0024369628562953033,1600.0
none,111,1600,proxy_top1[fm_loss],0.6899999999999998,0.155,1.6024689053196364e-18,0.0
none,111,1600,proxy_sh[fm_loss]_n8,0.6973666666666666,0.14763333333333337,0.0009151178835214303,1456.0
none,111,1600,proxy_top1[act_l1_exec],0.79,0.05499999999999993,4.006172263299091e-19,0.0
none,111,1600,proxy_sh[act_l1_exec]_n8,0.7777833333333335,0.06721666666666662,0.0007356094726798287,1456.0
none,111,1600,proxy_top1[kd_onpolicy],0.7999999999999999,0.04499999999999993,0.0,0.0
none,111,1600,proxy_sh[kd_onpolicy]_n8,0.7755500000000001,0.06944999999999996,0.0002269177530883528,1456.0
none,111,1600,proxy_top1[zc_gradnorm],0.5300000000000001,0.315,3.2049378106392727e-18,0.0
none,111,1600,proxy_sh[zc_gradnorm]_n8,0.6799999999999999,0.16499999999999992,0.0,1456.0
none,111,1600,proxy_top1[zc_snip],0.6799999999999999,0.16499999999999992,0.0,0.0
none,111,1600,proxy_sh[zc_snip]_n8,0.705,0.14000000000000004,1.6024689053196364e-18,1456.0
none,111,1600,proxy_top1[zc_naswot],0.7999999999999999,0.04499999999999993,0.0,0.0
none,111,1600,proxy_sh[zc_naswot]_n8,0.82135,0.023649999999999973,0.0015720766520752078,1456.0
none,111,1600,bound_race(M1+M3),0.7843666666666668,0.0606333333333333,0.0009209274713067282,1600.0
ms_per_step:0.5,56,400,random_full,0.6665333333333333,0.17846666666666663,0.00646343963009262,400.0
ms_per_step:0.5,56,400,sh_n16,0.7645333333333332,0.08046666666666667,0.0036683854557355124,384.0
ms_per_step:0.5,56,400,predictor_ridge,0.7470666666666667,0.09793333333333334,0.0037556160415904935,400.0
ms_per_step:0.5,56,400,proxy_top1[fm_loss],0.6349999999999998,0.20999999999999996,0.0,0.0
ms_per_step:0.5,56,400,proxy_sh[fm_loss]_n8,0.7329,0.11209999999999999,0.0020324506280733024,384.0
ms_per_step:0.5,56,400,proxy_top1[act_l1_exec],0.8449999999999999,0.0,0.0,0.0
ms_per_step:0.5,56,400,proxy_sh[act_l1_exec]_n8,0.8102666666666666,0.03473333333333333,0.0030015341756187627,384.0
ms_per_step:0.5,56,400,proxy_top1[kd_onpolicy],0.6850000000000002,0.1599999999999999,1.6024689053196364e-18,0.0
ms_per_step:0.5,56,400,proxy_sh[kd_onpolicy]_n8,0.8206333333333332,0.024366666666666675,0.002199948652599436,384.0
ms_per_step:0.5,56,400,proxy_top1[zc_gradnorm],0.555,0.29,3.2049378106392727e-18,0.0
ms_per_step:0.5,56,400,proxy_sh[zc_gradnorm]_n8,0.67315,0.17184999999999992,0.0014789194629112763,384.0
ms_per_step:0.5,56,400,proxy_top1[zc_snip],0.6799999999999999,0.16499999999999992,0.0,0.0
ms_per_step:0.5,56,400,proxy_sh[zc_snip]_n8,0.8256833333333332,0.01931666666666667,0.0028088845486077575,384.0
ms_per_step:0.5,56,400,proxy_top1[zc_naswot],0.6850000000000002,0.1599999999999999,1.6024689053196364e-18,0.0
ms_per_step:0.5,56,400,proxy_sh[zc_naswot]_n8,0.8206833333333332,0.024316666666666677,0.002547733015549023,384.0
ms_per_step:0.5,56,400,bound_race(M1+M3),0.77,0.07499999999999996,0.0,400.0
ms_per_step:0.5,56,800,random_full,0.7214999999999999,0.12349999999999997,0.004659667370102719,800.0
ms_per_step:0.5,56,800,sh_n16,0.7813666666666665,0.06363333333333335,0.0032360635666512185,768.0
ms_per_step:0.5,56,800,predictor_ridge,0.7940833333333333,0.05091666666666666,0.003323440179938497,800.0
ms_per_step:0.5,56,800,proxy_top1[fm_loss],0.6349999999999998,0.20999999999999996,0.0,0.0
ms_per_step:0.5,56,800,proxy_sh[fm_loss]_n8,0.7481333333333333,0.09686666666666663,0.0018049458799724815,792.0
ms_per_step:0.5,56,800,proxy_top1[act_l1_exec],0.8449999999999999,0.0,0.0,0.0
ms_per_step:0.5,56,800,proxy_sh[act_l1_exec]_n8,0.8316833333333331,0.013316666666666668,0.002050406237978401,792.0
ms_per_step:0.5,56,800,proxy_top1[kd_onpolicy],0.6850000000000002,0.1599999999999999,1.6024689053196364e-18,0.0
ms_per_step:0.5,56,800,proxy_sh[kd_onpolicy]_n8,0.8358833333333332,0.00911666666666667,0.00112591156484506,792.0
ms_per_step:0.5,56,800,proxy_top1[zc_gradnorm],0.555,0.29,3.2049378106392727e-18,0.0
ms_per_step:0.5,56,800,proxy_sh[zc_gradnorm]_n8,0.67965,0.1653499999999999,0.00020105969262883115,792.0
ms_per_step:0.5,56,800,proxy_top1[zc_snip],0.6799999999999999,0.16499999999999992,0.0,0.0
ms_per_step:0.5,56,800,proxy_sh[zc_snip]_n8,0.8445333333333331,0.0004666666666666667,0.0004658882396582381,792.0
ms_per_step:0.5,56,800,proxy_top1[zc_naswot],0.6850000000000002,0.1599999999999999,1.6024689053196364e-18,0.0
ms_per_step:0.5,56,800,proxy_sh[zc_naswot]_n8,0.8362666666666666,0.00873333333333334,0.001293868732250802,792.0
ms_per_step:0.5,56,800,bound_race(M1+M3),0.77,0.07499999999999996,0.0,800.0
ms_per_step:0.5,56,1600,random_full,0.7593333333333333,0.08566666666666667,0.0035782780878621033,1600.0
ms_per_step:0.5,56,1600,sh_n16,0.7926833333333334,0.05231666666666667,0.0029128354202023125,1600.0
ms_per_step:0.5,56,1600,predictor_ridge,0.7912166666666665,0.05378333333333333,0.003377673289685053,1600.0
ms_per_step:0.5,56,1600,proxy_top1[fm_loss],0.6349999999999998,0.20999999999999996,0.0,0.0
ms_per_step:0.5,56,1600,proxy_sh[fm_loss]_n8,0.7674,0.07759999999999996,0.00073539105243401,1456.0
ms_per_step:0.5,56,1600,proxy_top1[act_l1_exec],0.8449999999999999,0.0,0.0,0.0
ms_per_step:0.5,56,1600,proxy_sh[act_l1_exec]_n8,0.8437499999999998,0.0012499999999999992,0.0005543389456520859,1456.0
ms_per_step:0.5,56,1600,proxy_top1[kd_onpolicy],0.6850000000000002,0.1599999999999999,1.6024689053196364e-18,0.0
ms_per_step:0.5,56,1600,proxy_sh[kd_onpolicy]_n8,0.8444999999999999,0.0005000000000000004,0.0002217355782608347,1456.0
ms_per_step:0.5,56,1600,proxy_top1[zc_gradnorm],0.555,0.29,3.2049378106392727e-18,0.0
ms_per_step:0.5,56,1600,proxy_sh[zc_gradnorm]_n8,0.6799999999999999,0.16499999999999992,0.0,1456.0
ms_per_step:0.5,56,1600,proxy_top1[zc_snip],0.6799999999999999,0.16499999999999992,0.0,0.0
ms_per_step:0.5,56,1600,proxy_sh[zc_snip]_n8,0.8449999999999999,0.0,0.0,1456.0
ms_per_step:0.5,56,1600,proxy_top1[zc_naswot],0.6850000000000002,0.1599999999999999,1.6024689053196364e-18,0.0
ms_per_step:0.5,56,1600,proxy_sh[zc_naswot]_n8,0.8447999999999999,0.00020000000000000017,0.00014094916341243993,1456.0
ms_per_step:0.5,56,1600,bound_race(M1+M3),0.7721,0.07289999999999996,0.0005479963503528094,1600.0
deploy_MB:0.5,58,400,random_full,0.6144333333333333,0.1555666666666667,0.0073348511055604075,400.0
deploy_MB:0.5,58,400,sh_n16,0.7286166666666667,0.04138333333333336,0.002263480399411164,384.0
deploy_MB:0.5,58,400,predictor_ridge,0.7117666666666665,0.058233333333333366,0.003682486579392708,400.0
deploy_MB:0.5,58,400,proxy_top1[fm_loss],0.6899999999999998,0.08000000000000007,0.0,0.0
deploy_MB:0.5,58,400,proxy_sh[fm_loss]_n8,0.7146999999999999,0.05530000000000006,0.001522508894336364,384.0
deploy_MB:0.5,58,400,proxy_top1[act_l1_exec],0.705,0.06500000000000007,8.012344526598182e-19,0.0
deploy_MB:0.5,58,400,proxy_sh[act_l1_exec]_n8,0.7401666666666668,0.02983333333333336,0.0016540914480519275,384.0
deploy_MB:0.5,58,400,proxy_top1[kd_onpolicy],0.77,0.0,0.0,0.0
deploy_MB:0.5,58,400,proxy_sh[kd_onpolicy]_n8,0.7433166666666666,0.026683333333333354,0.0020052013383716396,384.0
deploy_MB:0.5,58,400,proxy_top1[zc_gradnorm],0.5300000000000001,0.24,0.0,0.0
deploy_MB:0.5,58,400,proxy_sh[zc_gradnorm]_n8,0.5485,0.22149999999999997,0.0027651100038395098,384.0
deploy_MB:0.5,58,400,proxy_top1[zc_snip],0.5300000000000001,0.24,0.0,0.0
deploy_MB:0.5,58,400,proxy_sh[zc_snip]_n8,0.5307833333333334,0.23921666666666663,0.001904208545612897,384.0
deploy_MB:0.5,58,400,proxy_top1[zc_naswot],0.52,0.25,0.0,0.0
deploy_MB:0.5,58,400,proxy_sh[zc_naswot]_n8,0.7585666666666666,0.01143333333333334,0.0014984572313129511,384.0
deploy_MB:0.5,58,400,bound_race(M1+M3),0.77,0.0,0.0,400.0
deploy_MB:0.5,58,800,random_full,0.67845,0.09155000000000002,0.005170755640028726,800.0
deploy_MB:0.5,58,800,sh_n16,0.7310166666666666,0.03898333333333337,0.002083573097314288,768.0
deploy_MB:0.5,58,800,predictor_ridge,0.7242666666666666,0.045733333333333376,0.002084969135574026,800.0
deploy_MB:0.5,58,800,proxy_top1[fm_loss],0.6899999999999998,0.08000000000000007,0.0,0.0
deploy_MB:0.5,58,800,proxy_sh[fm_loss]_n8,0.7115166666666666,0.05848333333333339,0.0014745429298097274,792.0
deploy_MB:0.5,58,800,proxy_top1[act_l1_exec],0.705,0.06500000000000007,8.012344526598182e-19,0.0
deploy_MB:0.5,58,800,proxy_sh[act_l1_exec]_n8,0.7475166666666666,0.022483333333333355,0.001518313818632978,792.0
deploy_MB:0.5,58,800,proxy_top1[kd_onpolicy],0.77,0.0,0.0,0.0
deploy_MB:0.5,58,800,proxy_sh[kd_onpolicy]_n8,0.7379666666666667,0.03203333333333336,0.0021548644367432373,792.0
deploy_MB:0.5,58,800,proxy_top1[zc_gradnorm],0.5300000000000001,0.24,0.0,0.0
deploy_MB:0.5,58,800,proxy_sh[zc_gradnorm]_n8,0.5449166666666667,0.22508333333333336,0.0027594744198984836,792.0
deploy_MB:0.5,58,800,proxy_top1[zc_snip],0.5300000000000001,0.24,0.0,0.0
deploy_MB:0.5,58,800,proxy_sh[zc_snip]_n8,0.5242000000000001,0.24580000000000002,0.0012405554311588729,792.0
deploy_MB:0.5,58,800,proxy_top1[zc_naswot],0.52,0.25,0.0,0.0
deploy_MB:0.5,58,800,proxy_sh[zc_naswot]_n8,0.7661333333333332,0.00386666666666667,0.0006824357248258031,792.0
deploy_MB:0.5,58,800,bound_race(M1+M3),0.77,0.0,0.0,800.0
deploy_MB:0.5,58,1600,random_full,0.7206999999999999,0.049300000000000024,0.0030321481200993833,1600.0
deploy_MB:0.5,58,1600,sh_n16,0.7318833333333333,0.038116666666666695,0.0019936312950846117,1600.0
deploy_MB:0.5,58,1600,predictor_ridge,0.7286333333333332,0.041366666666666704,0.0020248173214354897,1600.0
deploy_MB:0.5,58,1600,proxy_top1[fm_loss],0.6899999999999998,0.08000000000000007,0.0,0.0
deploy_MB:0.5,58,1600,proxy_sh[fm_loss]_n8,0.6973666666666666,0.0726333333333334,0.0009151178835214303,1456.0
deploy_MB:0.5,58,1600,proxy_top1[act_l1_exec],0.705,0.06500000000000007,8.012344526598182e-19,0.0
deploy_MB:0.5,58,1600,proxy_sh[act_l1_exec]_n8,0.7583166666666666,0.011683333333333344,0.0011528945054690575,1456.0
deploy_MB:0.5,58,1600,proxy_top1[kd_onpolicy],0.77,0.0,0.0,0.0
deploy_MB:0.5,58,1600,proxy_sh[kd_onpolicy]_n8,0.7282166666666666,0.041783333333333374,0.002285876726205378,1456.0
deploy_MB:0.5,58,1600,proxy_top1[zc_gradnorm],0.5300000000000001,0.24,0.0,0.0
deploy_MB:0.5,58,1600,proxy_sh[zc_gradnorm]_n8,0.5225833333333334,0.2474166666666667,0.000924198852259901,1456.0
deploy_MB:0.5,58,1600,proxy_top1[zc_snip],0.5300000000000001,0.24,0.0,0.0
deploy_MB:0.5,58,1600,proxy_sh[zc_snip]_n8,0.52,0.25,0.0,1456.0
deploy_MB:0.5,58,1600,proxy_top1[zc_naswot],0.52,0.25,0.0,0.0
deploy_MB:0.5,58,1600,proxy_sh[zc_naswot]_n8,0.77,0.0,0.0,1456.0
deploy_MB:0.5,58,1600,bound_race(M1+M3),0.77,0.0,0.0,1600.0
ms_per_step:0.25,28,400,random_full,0.6235999999999999,0.1314,0.005853547832060674,400.0
ms_per_step:0.25,28,400,sh_n16,0.7059333333333333,0.049066666666666696,0.001524935942795509,384.0
ms_per_step:0.25,28,400,predictor_ridge,0.7021666666666666,0.05283333333333335,0.001867683254928613,400.0
ms_per_step:0.25,28,400,proxy_top1[fm_loss],0.6349999999999998,0.12,0.0,0.0
ms_per_step:0.25,28,400,proxy_sh[fm_loss]_n8,0.7141666666666666,0.04083333333333337,0.0009562174710032506,384.0
ms_per_step:0.25,28,400,proxy_top1[act_l1_exec],0.705,0.050000000000000044,0.0,0.0
ms_per_step:0.25,28,400,proxy_sh[act_l1_exec]_n8,0.7146,0.04040000000000003,0.0007916368415434501,384.0
ms_per_step:0.25,28,400,proxy_top1[kd_onpolicy],0.6799999999999999,0.07499999999999996,0.0,0.0
ms_per_step:0.25,28,400,proxy_sh[kd_onpolicy]_n8,0.7095333333333333,0.045466666666666704,0.0007769932551306472,384.0
ms_per_step:0.25,28,400,proxy_top1[zc_gradnorm],0.555,0.19999999999999996,0.0,0.0
ms_per_step:0.25,28,400,proxy_sh[zc_gradnorm]_n8,0.6571,0.09789999999999996,0.0036715528050131605,384.0
ms_per_step:0.25,28,400,proxy_top1[zc_snip],0.6799999999999999,0.07499999999999996,0.0,0.0
ms_per_step:0.25,28,400,proxy_sh[zc_snip]_n8,0.6958000000000001,0.05920000000000003,0.0007710598766200532,384.0
ms_per_step:0.25,28,400,proxy_top1[zc_naswot],0.7000000000000001,0.05500000000000005,0.0,0.0
ms_per_step:0.25,28,400,proxy_sh[zc_naswot]_n8,0.7095333333333333,0.0454666666666667,0.0010991646659909346,384.0
ms_per_step:0.25,28,400,bound_race(M1+M3),0.6873666666666668,0.06763333333333335,0.0015476493525726411,401.0
ms_per_step:0.25,28,800,random_full,0.6870833333333334,0.06791666666666668,0.003043523025608218,800.0
ms_per_step:0.25,28,800,sh_n16,0.70955,0.04545000000000003,0.001036898419968578,768.0
ms_per_step:0.25,28,800,predictor_ridge,0.7065666666666668,0.04843333333333336,0.0011360930452244688,800.0
ms_per_step:0.25,28,800,proxy_top1[fm_loss],0.6349999999999998,0.12,0.0,0.0
ms_per_step:0.25,28,800,proxy_sh[fm_loss]_n8,0.7110833333333333,0.04391666666666671,0.0006193447852068858,792.0
ms_per_step:0.25,28,800,proxy_top1[act_l1_exec],0.705,0.050000000000000044,0.0,0.0
ms_per_step:0.25,28,800,proxy_sh[act_l1_exec]_n8,0.7108333333333333,0.0441666666666667,0.000610479471550998,792.0
ms_per_step:0.25,28,800,proxy_top1[kd_onpolicy],0.6799999999999999,0.07499999999999996,0.0,0.0
ms_per_step:0.25,28,800,proxy_sh[kd_onpolicy]_n8,0.7060333333333333,0.048966666666666714,0.0005490361925599632,792.0
ms_per_step:0.25,28,800,proxy_top1[zc_gradnorm],0.555,0.19999999999999996,0.0,0.0
ms_per_step:0.25,28,800,proxy_sh[zc_gradnorm]_n8,0.6786666666666665,0.0763333333333333,0.0009396610894162658,792.0
ms_per_step:0.25,28,800,proxy_top1[zc_snip],0.6799999999999999,0.07499999999999996,0.0,0.0
ms_per_step:0.25,28,800,proxy_sh[zc_snip]_n8,0.6998666666666667,0.055133333333333374,9.396610894162611e-05,792.0
ms_per_step:0.25,28,800,proxy_top1[zc_naswot],0.7000000000000001,0.05500000000000005,0.0,0.0
ms_per_step:0.25,28,800,proxy_sh[zc_naswot]_n8,0.7077333333333335,0.04726666666666671,0.0007649158753067537,792.0
ms_per_step:0.25,28,800,bound_race(M1+M3),0.6991,0.05590000000000003,0.0002719681353884424,800.0
ms_per_step:0.25,28,1600,random_full,0.7047333333333334,0.05026666666666669,0.0016147881411320618,1600.0
ms_per_step:0.25,28,1600,sh_n16,0.7057833333333334,0.04921666666666671,0.0006863018178507074,1600.0
ms_per_step:0.25,28,1600,predictor_ridge,0.7078500000000001,0.04715000000000003,0.0011440097610306186,1120.0
ms_per_step:0.25,28,1600,proxy_top1[fm_loss],0.6349999999999998,0.12,0.0,0.0
ms_per_step:0.25,28,1600,proxy_sh[fm_loss]_n8,0.705,0.050000000000000044,0.0,1456.0
ms_per_step:0.25,28,1600,proxy_top1[act_l1_exec],0.705,0.050000000000000044,0.0,0.0
ms_per_step:0.25,28,1600,proxy_sh[act_l1_exec]_n8,0.705,0.050000000000000044,0.0,1456.0
ms_per_step:0.25,28,1600,proxy_top1[kd_onpolicy],0.6799999999999999,0.07499999999999996,0.0,0.0
ms_per_step:0.25,28,1600,proxy_sh[kd_onpolicy]_n8,0.7024833333333333,0.05251666666666671,0.00014433435976027136,1456.0
ms_per_step:0.25,28,1600,proxy_top1[zc_gradnorm],0.555,0.19999999999999996,0.0,0.0
ms_per_step:0.25,28,1600,proxy_sh[zc_gradnorm]_n8,0.6799999999999999,0.07499999999999996,0.0,1456.0
ms_per_step:0.25,28,1600,proxy_top1[zc_snip],0.6799999999999999,0.07499999999999996,0.0,0.0
ms_per_step:0.25,28,1600,proxy_sh[zc_snip]_n8,0.7000000000000001,0.05500000000000005,0.0,1456.0
ms_per_step:0.25,28,1600,proxy_top1[zc_naswot],0.7000000000000001,0.05500000000000005,0.0,0.0
ms_per_step:0.25,28,1600,proxy_sh[zc_naswot]_n8,0.7001000000000001,0.054900000000000046,9.983319421247968e-05,1456.0
ms_per_step:0.25,28,1600,bound_race(M1+M3),0.7000000000000001,0.05500000000000005,0.0,1603.0
